"","x"
"4","Iris-setosa"
"5","Iris-setosa"
"9","Iris-setosa"
"10","Iris-setosa"
"14","Iris-setosa"
"15","Iris-setosa"
"19","Iris-setosa"
"20","Iris-setosa"
"24","Iris-setosa"
"25","Iris-setosa"
"29","Iris-setosa"
"30","Iris-setosa"
"34","Iris-setosa"
"35","Iris-setosa"
"39","Iris-setosa"
"40","Iris-setosa"
"44","Iris-setosa"
"45","Iris-setosa"
"49","Iris-setosa"
"50","Iris-setosa"
"54","Iris-versicolor"
"55","Iris-versicolor"
"59","Iris-versicolor"
"60","Iris-versicolor"
"64","Iris-versicolor"
"65","Iris-versicolor"
"69","Iris-versicolor"
"70","Iris-versicolor"
"74","Iris-versicolor"
"75","Iris-versicolor"
"79","Iris-versicolor"
"80","Iris-versicolor"
"84","Iris-versicolor"
"85","Iris-versicolor"
"89","Iris-versicolor"
"90","Iris-versicolor"
"94","Iris-versicolor"
"95","Iris-versicolor"
"99","Iris-versicolor"
"100","Iris-versicolor"
"104","Iris-virginica"
"105","Iris-virginica"
"109","Iris-virginica"
"110","Iris-virginica"
"114","Iris-virginica"
"115","Iris-virginica"
"119","Iris-virginica"
"120","Iris-versicolor"
"124","Iris-virginica"
"125","Iris-virginica"
"129","Iris-virginica"
"130","Iris-versicolor"
"134","Iris-versicolor"
"135","Iris-versicolor"
"139","Iris-versicolor"
"140","Iris-virginica"
"144","Iris-virginica"
"145","Iris-virginica"
"149","Iris-virginica"
"150","Iris-virginica"
